{
  "orderid": "495",
  "ordertype": false,
  "isfa": false,
  "uoid": "50",
  "orderno": 0,
  "otherpartyorderno": "",
  "orderseriesid": "0",
  "orderdate": "2025-02-04T00:43:38.565Z",
  "orderstatus": "30",
  "orderterms": "0",
  "orderremarks": "",
  "ordernote": "",
  "orderjurisidiction": "",
  "ordersupplystate": "0",
  "orderstate": "0",
  "orderitemtotal": "318",
  "ordertaxtotal": "11.4",
  "orderledgertotal": "0",
  "orderdiscount": "0",
  "ordertotal": "329.4",
  "deliverydate": "2025-02-04T00:43:38.565Z",
  "buyerid": "380",
  "sellerid": "102",
  "consigneeid": "0",
  "promocode": "",
  "discpercentage": "0",
  "discamount": "0",
  "discbasis": "0",
  "ordertandc": "",
  "ordersource": "0",
  "ordercampaign": "0",
  "orderdeliverfrom": "1",
  "orderdeliverto": "0",
  "shippingruleid": "0",
  "isinternalorder": true,
  "isdeleted": false,
  "createdby": "101",
  "createddate": "2025-02-04T11:43:35.188Z",
  "table_id": "2",
  "booking_id": "221",
  "serving_type": "33",
  "orderitems": [
    {
      "oitemsid": "1616",
      "orderid": "495",
      "proid": "129",
      "pvid": null,
      "reqdeliverydate": null,
      "expdeliverydate": null,
      "itemuom": "",
      "itemuomcfactor": "",
      "itemselecteduom": "",
      "itemqty": "5",
      "deliveredqty": "",
      "recivedqty": "",
      "itemrate": "248",
      "itemamount": "248",
      "itemtaxrate": "10",
      "itemtaxamount": "10",
      "itemgrossamt": "248",
      "itemnote": "",
      "ledgerid": "",
      "isdeleted": false,
      "createdby": "102",
      "createddate": "2025-02-06T08:04:05.432Z",
      "modifiedby": "",
      "modifieddate": null,
      "orderitem_status": "28",
      "itemname": "Almond Milk",
      "orderitemDetailsModel": [
        {
          "oidid": "3366",
          "oitemsid": "1616",
          "orderid": "495",
          "attributeid": "13",
          "avid": "27",
          "isdeleted": false,
          "createdby": "102",
          "createddate": "2025-02-06T08:04:05.432Z",
          "attributename": "Serving Temperature",
          "avname": "Cold"
        }
      ]
    },
    {
      "oitemsid": "1615",
      "orderid": "495",
      "proid": "123",
      "pvid": null,
      "reqdeliverydate": "2025-02-04T00:43:38.565Z",
      "expdeliverydate": "2025-02-04T00:43:38.565Z",
      "itemuom": "0",
      "itemuomcfactor": "0",
      "itemselecteduom": "0",
      "itemqty": "1",
      "deliveredqty": "0",
      "recivedqty": "0",
      "itemrate": "70",
      "itemamount": "70.00",
      "itemtaxrate": "2",
      "itemtaxamount": "1.4000000000000001",
      "itemgrossamt": "71.4",
      "itemnote": "",
      "ledgerid": "0",
      "isdeleted": false,
      "createdby": "102",
      "createddate": "2025-02-06T08:04:05.432Z",
      "modifiedby": "",
      "modifieddate": null,
      "orderitem_status": "49",
      "itemname": "Dabeli",
      "orderitemDetailsModel": []
    },
    {
      "oitemsid": null,
      "orderid": "495",
      "proid": "129",
      "pvid": null,
      "reqdeliverydate": null,
      "expdeliverydate": null,
      "itemuom": null,
      "itemuomcfactor": null,
      "itemselecteduom": null,
      "itemqty": "2",
      "deliveredqty": null,
      "recivedqty": null,
      "itemrate": "248",
      "itemamount": "248",
      "itemtaxrate": "10",
      "itemtaxamount": "10",
      "itemgrossamt": "248",
      "itemnote": "",
      "ledgerid": null,
      "isdeleted": null,
      "createdby": null,
      "createddate": null,
      "modifiedby": null,
      "modifieddate": null,
      "orderitem_status": null,
      "itemname": null,
      "orderitemDetailsModel": [
        {
          "oidid": "0",
          "oitemsid": null,
          "orderid": null,
          "attributeid": "13",
          "avid": "27",
          "isdeleted": null,
          "createdby": null,
          "createddate": null,
          "attributename": null,
          "avname": null
        }
      ]
    }
  ],
  "ordertaxdetails": [
    {
      "otdid": "721",
      "orderid": "495",
      "ordertaxtypeid": "0",
      "ordertaxbasis": "0",
      "ledgerid": "0",
      "ordertaxableamount": "70.00",
      "ordertaxamount": "1.40",
      "isdeleted": false,
      "createdby": "102",
      "createddate": "2025-02-06T08:04:05.432Z"
    }
  ],
  "ordertotalquantity": 6
}